{
	"id": "1321b814-5270-42e7-8945-1cd14a49c61b",
	"name": "Anypoint Platform",
	"values": [
		{
			"key": "ap_username",
			"value": "vignesh19798",
			"enabled": true
		},
		{
			"key": "ap_password",
			"value": "Vicky07@1998",
			"enabled": true
		},
		{
			"key": "access_token",
			"value": "da3b438e-8dc1-46ca-92b3-78ec6f7b24fb",
			"enabled": true
		},
		{
			"key": "ORG_ID",
			"value": "e978a2c2-d28e-4ac4-be0c-e532e53037b7",
			"enabled": true
		},
		{
			"key": "ENV_ID",
			"value": "9aad21af-f5c2-4f3e-9b07-8c10fd309552",
			"enabled": true
		},
		{
			"key": "APP_NAME",
			"value": "training4-american-ws-maxmule-vk",
			"enabled": true
		},
		{
			"key": "domain",
			"value": "training4-american-ws-maxmule-vk",
			"enabled": true
		}
	],
	"_postman_variable_scope": "environment",
	"_postman_exported_at": "2021-01-24T05:52:59.125Z",
	"_postman_exported_using": "Postman/7.36.1"
}