{
	"info": {
		"_postman_id": "d92bfeba-750b-4b55-8d88-65e4bc407522",
		"name": "cloudhub-api",
		"schema": "https://schema.getpostman.com/json/collection/v2.1.0/collection.json"
	},
	"item": [
		{
			"name": " get the access token",
			"event": [
				{
					"listen": "test",
					"script": {
						"exec": [
							"const jar = pm.cookies.jar();\r",
							"jar.clear(pm.request.url, function (error) {\r",
							"  console.log(\"Clear Cookies\");\r",
							"});\r",
							" \r",
							"var response = pm.response.json();\r",
							"var access_token = response[\"access_token\"];\r",
							"pm.environment.set(\"access_token\", access_token);\r",
							" \r",
							"console.log(\"Access Token \" + access_token);"
						],
						"type": "text/javascript"
					}
				}
			],
			"request": {
				"method": "POST",
				"header": [
					{
						"key": "Content-Type",
						"value": "application/json"
					},
					{
						"key": "_csrf",
						"value": "ZCdUggr6fYXEdRgIOZExfkvl",
						"type": "text",
						"disabled": true
					}
				],
				"body": {
					"mode": "urlencoded",
					"urlencoded": [
						{
							"key": "username",
							"value": "{{ap_username}}",
							"type": "text"
						},
						{
							"key": "password",
							"value": "{{ap_password}}",
							"type": "text"
						}
					]
				},
				"url": {
					"raw": "https://anypoint.mulesoft.com/accounts/login",
					"protocol": "https",
					"host": [
						"anypoint",
						"mulesoft",
						"com"
					],
					"path": [
						"accounts",
						"login"
					]
				}
			},
			"response": []
		},
		{
			"name": "Ping Token",
			"request": {
				"method": "GET",
				"header": [
					{
						"key": "Authorization",
						"value": "Bearer {{access_token}}",
						"type": "text"
					}
				],
				"url": {
					"raw": "https://anypoint.mulesoft.com/cloudhub/api/ping",
					"protocol": "https",
					"host": [
						"anypoint",
						"mulesoft",
						"com"
					],
					"path": [
						"cloudhub",
						"api",
						"ping"
					]
				}
			},
			"response": []
		},
		{
			"name": "get the org id",
			"request": {
				"method": "GET",
				"header": [
					{
						"key": "Authorization",
						"value": "Bearer {{access_token}}"
					}
				],
				"url": {
					"raw": "https://anypoint.mulesoft.com/accounts/api/me",
					"protocol": "https",
					"host": [
						"anypoint",
						"mulesoft",
						"com"
					],
					"path": [
						"accounts",
						"api",
						"me"
					]
				}
			},
			"response": []
		},
		{
			"name": "get environment ID",
			"request": {
				"method": "GET",
				"header": [
					{
						"key": "Authorization",
						"value": "Bearer {{access_token}}"
					}
				],
				"url": {
					"raw": "https://anypoint.mulesoft.com/accounts/api/organizations/{{ORG_ID}}/environments",
					"protocol": "https",
					"host": [
						"anypoint",
						"mulesoft",
						"com"
					],
					"path": [
						"accounts",
						"api",
						"organizations",
						"{{ORG_ID}}",
						"environments"
					]
				}
			},
			"response": []
		},
		{
			"name": "get the applications",
			"request": {
				"method": "GET",
				"header": [
					{
						"key": "Authorization",
						"value": "Bearer {{access_token}}"
					},
					{
						"key": "X-ANYPNT-ENV-ID",
						"value": "{{ENV_ID}}"
					}
				],
				"url": {
					"raw": "https://anypoint.mulesoft.com/cloudhub/api/v2/applications",
					"protocol": "https",
					"host": [
						"anypoint",
						"mulesoft",
						"com"
					],
					"path": [
						"cloudhub",
						"api",
						"v2",
						"applications"
					]
				}
			},
			"response": []
		},
		{
			"name": "Bulk Action (UPDATE, START, STOP, RESTART, DELETE) for Applications.",
			"request": {
				"method": "PUT",
				"header": [
					{
						"key": "X-ANYPNT-ENV-ID",
						"value": "{{ENV_ID}}",
						"type": "text"
					},
					{
						"key": "Content-Type",
						"value": "application/json",
						"type": "text"
					},
					{
						"key": "Authorization",
						"value": "bearer {{access_token}}",
						"type": "text"
					}
				],
				"body": {
					"mode": "raw",
					"raw": "{\r\n  \"action\": \"RESTART\",\r\n  \"domains\": [\r\n    \"training4-american-ws-maxmule-vk\"\r\n  ]\r\n}",
					"options": {
						"raw": {
							"language": "json"
						}
					}
				},
				"url": {
					"raw": "https://anypoint.mulesoft.com/cloudhub/api/v2/applications",
					"protocol": "https",
					"host": [
						"anypoint",
						"mulesoft",
						"com"
					],
					"path": [
						"cloudhub",
						"api",
						"v2",
						"applications"
					]
				}
			},
			"response": []
		},
		{
			"name": "Deploy Application",
			"request": {
				"method": "POST",
				"header": [
					{
						"key": "X-ANYPNT-ENV-ID",
						"value": "{{ENV_ID}}"
					},
					{
						"key": "Authorization",
						"value": "Bearer {{access_token}}",
						"type": "text"
					}
				],
				"body": {
					"mode": "formdata",
					"formdata": [
						{
							"key": "file",
							"type": "file",
							"src": []
						},
						{
							"key": "autoStart",
							"value": "true",
							"type": "text"
						},
						{
							"key": "appInfoJson",
							"value": "{\n    \"domain\": \"test-test\",\n    \"muleVersion\": {\n        \"version\": \"3.7.0\"\n    },\n    \"region\": \"us-east-1\",\n    \"monitoringEnabled\": true,\n    \"monitoringAutoRestart\": true,\n    \"workers\": {\n        \"amount\": 1,\n        \"type\": {\n            \"name\": \"Medium\",\n            \"weight\": 1,\n            \"cpu\": \"1 vCore\",\n            \"memory\": \"1.5 GB memory\"\n        }\n    },\n    \"loggingNgEnabled\": true,\n    \"persistentQueues\": true,\n    \"objectStoreV1\": false\n}",
							"type": "text"
						}
					]
				},
				"url": {
					"raw": "https://anypoint.mulesoft.com/cloudhub/api/v2/applications",
					"protocol": "https",
					"host": [
						"anypoint",
						"mulesoft",
						"com"
					],
					"path": [
						"cloudhub",
						"api",
						"v2",
						"applications"
					]
				}
			},
			"response": []
		},
		{
			"name": "get the deployment details",
			"request": {
				"method": "GET",
				"header": [
					{
						"key": "Authorization",
						"value": "Bearer {{access_token}}"
					},
					{
						"key": "X-ANYPNT-ENV-ID",
						"value": "{{ENV_ID}}"
					}
				],
				"url": {
					"raw": "https://anypoint.mulesoft.com/cloudhub/api/v2/applications/{{domain}}/deployments",
					"protocol": "https",
					"host": [
						"anypoint",
						"mulesoft",
						"com"
					],
					"path": [
						"cloudhub",
						"api",
						"v2",
						"applications",
						"{{domain}}",
						"deployments"
					]
				}
			},
			"response": []
		},
		{
			"name": "select the deployment id(instance id)",
			"request": {
				"method": "GET",
				"header": [
					{
						"key": "Authorization",
						"value": "Bearer {{access_token}}"
					},
					{
						"key": "Cache-Control",
						"value": "no-cache"
					},
					{
						"key": "X-ANYPNT-ENV-ID",
						"value": "{{ENV_ID}}"
					},
					{
						"key": "X-ANYPNT-ORG-ID",
						"value": "{{ORG_ID}}"
					}
				],
				"url": {
					"raw": "https://anypoint.mulesoft.com/cloudhub/api/v2/applications/{{domain}}/deployments?orderByDate=DESC",
					"protocol": "https",
					"host": [
						"anypoint",
						"mulesoft",
						"com"
					],
					"path": [
						"cloudhub",
						"api",
						"v2",
						"applications",
						"{{domain}}",
						"deployments"
					],
					"query": [
						{
							"key": "orderByDate",
							"value": "DESC"
						}
					]
				}
			},
			"response": []
		},
		{
			"name": "get the log file",
			"protocolProfileBehavior": {
				"disableBodyPruning": true
			},
			"request": {
				"method": "GET",
				"header": [
					{
						"key": "Authorization",
						"value": "bearer {{access_token}}"
					},
					{
						"key": "X-ANYPNT-ENV-ID",
						"value": "{{ENV_ID}}"
					},
					{
						"key": "Content-Type",
						"value": "application/json"
					}
				],
				"body": {
					"mode": "raw",
					"raw": "{\"startTime\":0}"
				},
				"url": {
					"raw": "https://anypoint.mulesoft.com/cloudhub/api/v2/applications/{{domain}}/instances/6007c666c3ad3c7c2c63515a-0/log-file",
					"protocol": "https",
					"host": [
						"anypoint",
						"mulesoft",
						"com"
					],
					"path": [
						"cloudhub",
						"api",
						"v2",
						"applications",
						"{{domain}}",
						"instances",
						"6007c666c3ad3c7c2c63515a-0",
						"log-file"
					]
				}
			},
			"response": []
		},
		{
			"name": "List Alerts",
			"request": {
				"method": "GET",
				"header": [
					{
						"key": "X-ANYPNT-ENV-ID",
						"value": "{{ENV_ID}}"
					},
					{
						"key": "Authorization",
						"value": "Bearer {{access_token}}",
						"type": "text"
					}
				],
				"url": {
					"raw": "https://anypoint.mulesoft.com/cloudhub/api/v2/alerts?resource={{domain}}",
					"protocol": "https",
					"host": [
						"anypoint",
						"mulesoft",
						"com"
					],
					"path": [
						"cloudhub",
						"api",
						"v2",
						"alerts"
					],
					"query": [
						{
							"key": "resource",
							"value": "{{domain}}"
						}
					]
				}
			},
			"response": []
		},
		{
			"name": "Alert History",
			"request": {
				"auth": {
					"type": "noauth"
				},
				"method": "GET",
				"header": [
					{
						"key": "Authorization",
						"value": "Bearer {{access_token}}",
						"type": "text"
					},
					{
						"key": "",
						"value": "",
						"type": "text",
						"disabled": true
					}
				],
				"url": {
					"raw": "https://anypoint.mulesoft.com/cloudhub/api/v2/alerts/{{id}}/history",
					"protocol": "https",
					"host": [
						"anypoint",
						"mulesoft",
						"com"
					],
					"path": [
						"cloudhub",
						"api",
						"v2",
						"alerts",
						"{{id}}",
						"history"
					]
				}
			},
			"response": []
		},
		{
			"name": "Get Mule Versions",
			"request": {
				"method": "GET",
				"header": [
					{
						"key": "Authorization",
						"value": "Bearer {{access_token}}",
						"type": "text"
					}
				],
				"url": {
					"raw": "https://anypoint.mulesoft.com/cloudhub/api/mule-versions",
					"protocol": "https",
					"host": [
						"anypoint",
						"mulesoft",
						"com"
					],
					"path": [
						"cloudhub",
						"api",
						"mule-versions"
					]
				}
			},
			"response": []
		},
		{
			"name": "List domain staticips",
			"request": {
				"method": "GET",
				"header": [
					{
						"key": "X-ANYPNT-ENV-ID",
						"value": "{{ENV_ID}}"
					},
					{
						"key": "Authorization",
						"value": "Bearer {{access_token}}",
						"type": "text"
					}
				],
				"url": {
					"raw": "https://anypoint.mulesoft.com/cloudhub/api/v2/applications/{{domain}}/staticips",
					"protocol": "https",
					"host": [
						"anypoint",
						"mulesoft",
						"com"
					],
					"path": [
						"cloudhub",
						"api",
						"v2",
						"applications",
						"{{domain}}",
						"staticips"
					]
				}
			},
			"response": []
		},
		{
			"name": "deploy or reploy application",
			"request": {
				"method": "POST",
				"header": [
					{
						"key": "X-ANYPNT-ENV-ID",
						"value": "{{ENV_ID}}"
					},
					{
						"key": "Authorization",
						"value": "Bearer {{access_token}}",
						"type": "text"
					}
				],
				"body": {
					"mode": "formdata",
					"formdata": [
						{
							"key": "file",
							"type": "file",
							"src": []
						}
					]
				},
				"url": {
					"raw": "https://anypoint.mulesoft.com/cloudhub/api/v2/applications/{{domain}}/files",
					"protocol": "https",
					"host": [
						"anypoint",
						"mulesoft",
						"com"
					],
					"path": [
						"cloudhub",
						"api",
						"v2",
						"applications",
						"{{domain}}",
						"files"
					]
				}
			},
			"response": []
		},
		{
			"name": "Get domain autoscalepolicies",
			"request": {
				"method": "GET",
				"header": [
					{
						"key": "X-ANYPNT-ENV-ID",
						"value": "{{ENV_ID}}"
					},
					{
						"key": "Authorization",
						"value": "Bearer {{access_token}}",
						"type": "text"
					}
				],
				"url": {
					"raw": "https://anypoint.mulesoft.com/cloudhub/api/v2/applications/{{domain}}/autoscalepolicies",
					"protocol": "https",
					"host": [
						"anypoint",
						"mulesoft",
						"com"
					],
					"path": [
						"cloudhub",
						"api",
						"v2",
						"applications",
						"{{domain}}",
						"autoscalepolicies"
					]
				}
			},
			"response": []
		},
		{
			"name": "Retrieve notifications",
			"request": {
				"method": "GET",
				"header": [
					{
						"key": "X-ANYPNT-ENV-ID",
						"value": "{{ENV_ID}}"
					},
					{
						"key": "Authorization",
						"value": "Bearer {{access_token}}",
						"type": "text"
					}
				],
				"url": {
					"raw": "https://anypoint.mulesoft.com/cloudhub/api/applications/{{domain}}/notifications?status=unread&limit=25&offset=0",
					"protocol": "https",
					"host": [
						"anypoint",
						"mulesoft",
						"com"
					],
					"path": [
						"cloudhub",
						"api",
						"applications",
						"{{domain}}",
						"notifications"
					],
					"query": [
						{
							"key": "status",
							"value": "unread"
						},
						{
							"key": "limit",
							"value": "25"
						},
						{
							"key": "offset",
							"value": "0"
						}
					]
				}
			},
			"response": []
		},
		{
			"name": "List domain schedules",
			"request": {
				"method": "GET",
				"header": [
					{
						"key": "Authorization",
						"value": "Bearer {{access_token}}",
						"type": "text"
					}
				],
				"url": {
					"raw": "https://anypoint.mulesoft.com/cloudhub/api/applications/{{domain}}/schedules",
					"protocol": "https",
					"host": [
						"anypoint",
						"mulesoft",
						"com"
					],
					"path": [
						"cloudhub",
						"api",
						"applications",
						"{{domain}}",
						"schedules"
					]
				}
			},
			"response": []
		},
		{
			"name": "Get users current permissions",
			"request": {
				"auth": {
					"type": "basic",
					"basic": [
						{
							"key": "password",
							"value": "{{ap_password}}",
							"type": "string"
						},
						{
							"key": "username",
							"value": "{{ap_username}}",
							"type": "string"
						}
					]
				},
				"method": "GET",
				"header": [
					{
						"key": "X-ANYPNT-ENV-ID",
						"value": "{{ENV_ID}}"
					},
					{
						"key": "Authorization",
						"value": "Bearer {{access_token}}",
						"type": "text",
						"disabled": true
					}
				],
				"url": {
					"raw": "https://anypoint.mulesoft.com/cloudhub/api/users/current/permissions",
					"protocol": "https",
					"host": [
						"anypoint",
						"mulesoft",
						"com"
					],
					"path": [
						"cloudhub",
						"api",
						"users",
						"current",
						"permissions"
					]
				}
			},
			"response": []
		},
		{
			"name": "Get Vcore Usage",
			"request": {
				"auth": {
					"type": "basic",
					"basic": [
						{
							"key": "password",
							"value": "{{ap_password}}",
							"type": "string"
						},
						{
							"key": "username",
							"value": "{{ap_username}}",
							"type": "string"
						}
					]
				},
				"method": "GET",
				"header": [
					{
						"key": "Authorization",
						"value": "Bearer {{access_token}}",
						"type": "text",
						"disabled": true
					}
				],
				"url": {
					"raw": "https://anypoint.mulesoft.com/cloudhub/api/organizations/{{ORG_ID}}/usage",
					"protocol": "https",
					"host": [
						"anypoint",
						"mulesoft",
						"com"
					],
					"path": [
						"cloudhub",
						"api",
						"organizations",
						"{{ORG_ID}}",
						"usage"
					]
				}
			},
			"response": []
		}
	]
}